{
  "displayName": "Black (by Seal)",
  "variantOnly": true,
  "largestDieRadius": 127.86538696289088,
  "sfx": {
    "roll": [
      {
        "sfx": "sfx/shake1.mp3",
        "delay": 0.5
      }
    ],
    "diceToDice": [
      "sfx/aisingle2.mp3",
      "sfx/aisingle4.mp3",
      "sfx/aisingle5.mp3",
      "sfx/aisingle6.mp3"
    ],
    "diceToWall": [
      "sfx/aiwood1.mp3",
      "sfx/aiwood2.mp3",
      "sfx/aiwood3.mp3",
      "sfx/aiwood4.mp3"
    ]
  },
  "dice": [
      {
        "id": "d4",
		"displayName": "d4)",
        "baseType": "d4",
		"icon": "black/icons/3d_icon_d4.png",
		"position": 8,
        "model": "Models/d4_low.glb",
        "collision": { "type": "convex", "convex": { "model": "Models/d4_collision.glb" } },
        "map": [ "black/d4_512.png", "black/d4_512.png", "black/d4_512.png" ],
        "normalMap": [ "black/d4_512_normal.png", "black/d4_512_normal.png", "black/d4_512_normal.png" ],
        "color": 4294967295,
        "metalness": 0,
        "normalScale": [ 1, 1 ],
        "roughness": 0.9,
        "reflectivity": 0.2,
        "shininess": 0.2,
        "specular": 4294967295,
        "faces": [
          { "normal": [-0.4714045226573944,-0.8164966106414795,0.3333333432674408], "number": 4 },
          { "normal": [0.9428090453147888,0.0,0.3333333134651184], "number": 2 },
          { "normal": [-0.4714045226573944,0.8164966106414795,0.3333333432674408], "number": 3 },
          { "normal": [0.0,0.0,-1.0], "number": 1 }
        ]
      },
      {
        "id": "d6",
		"displayName": "d6)",
        "baseType": "d6",
		"icon": "black/icons/3d_icon_d6.png",
		"position": 9,
        "model": "Models/d6_low.glb",
        "collision": { "type": "box", "box": { "size": [ 75.0932, 75.0932, 75.0932 ] } },
        "map": [ "black/d6_512.png", "black/d6_512.png", "black/d6_512.png" ],
        "normalMap": [ "black/d6_512_normal.png", "black/d6_512_normal.png", "black/d6_512_normal.png" ],
        "color": 4294967295,
        "metalness": 0,
        "normalScale": [ 1, 1 ],
        "roughness": 0.9,
        "reflectivity": 0.2,
        "shininess": 0.2,
        "specular": 4294967295,
        "faces": [
          { "normal": [1.0,-0.0,-0.0], "number": 6 },
          { "normal": [0.0,1.0,0.0], "number": 2 },
          { "normal": [-1.0,-0.0,-0.0], "number": 1 },
          { "normal": [0.0,-1.0,-0.0], "number": 5 },
          { "normal": [0.0,0.0,1.0], "number": 3 },
          { "normal": [0.0,-0.0,-1.0], "number": 4 }
        ]
      },
      {
        "id": "d8",
		"displayName": "d8)",
        "baseType": "d8",
		"icon": "black/icons/3d_icon_d8.png",
		"position": 10,
        "model": "Models/d8_low.glb",
        "collision": { "type": "convex", "convex": { "model": "Models/d8_collision.glb" } },
        "map": [ "black/d8_512.png", "black/d8_512.png", "black/d8_512.png" ],
        "normalMap": [ "black/d8_512_normal.png", "black/d8_512_normal.png", "black/d8_512_normal.png" ],
        "color": 4294967295,
        "metalness": 0,
        "normalScale": [ 1, 1 ],
        "roughness": 0.9,
        "reflectivity": 0.2,
        "shininess": 0.2,
        "specular": 4294967295,
        "faces": [
          { "normal": [-0.5773502588272095,0.5773502588272095,-0.5773502588272095], "number": 6 },
          { "normal": [0.5773502588272095,0.5773502588272095,-0.5773502588272095], "number": 7 },
          { "normal": [0.5773502588272095,-0.5773502588272095,-0.5773502588272095], "number": 4 },
          { "normal": [-0.5773502588272095,-0.5773502588272095,-0.5773502588272095], "number": 1 },
          { "normal": [-0.5773502588272095,0.5773502588272095,0.5773502588272095], "number": 5 },
          { "normal": [0.5773502588272095,0.5773502588272095,0.5773502588272095], "number": 8 },
          { "normal": [0.5773502588272095,-0.5773502588272095,0.5773502588272095], "number": 3 },
          { "normal": [-0.5773502588272095,-0.5773502588272095,0.5773502588272095], "number": 2 }
        ]
      },
      {
        "id": "d10",
		"displayName": "d10)",
        "baseType": "d10",
		"icon": "black/icons/3d_icon_d10.png",
		"position": 11,
        "model": "Models/d10_low.glb",
        "collision": { "type": "convex", "convex": { "model": "Models/d10_collision.glb", "orientation": [ 0, 0, 36 ] } },
        "map": [ "black/d10_512.png", "black/d10_512.png", "black/d10_512.png" ],
        "normalMap": [ "black/d10_512_normal.png", "black/d10_512_normal.png", "black/d10_512_normal.png" ],
        "color": 4294967295,
        "metalness": 0,
        "normalScale": [ 1, 1 ],
        "roughness": 0.9,
        "reflectivity": 0.2,
        "shininess": 0.2,
        "specular": 4294967295,
        "faces": [
          { "normal": [0.4323159158229828,-0.5950319766998291,0.6775248646736145], "number": 2 },
          { "normal": [-0.6995019912719727,0.22728168964385986,0.6775249242782593], "number": 4 },
          { "normal": [-0.4323159158229828,0.5950317978858948,-0.677524983882904], "number": 7 },
          { "normal": [-0.6995019912719727,-0.22728191316127777,-0.6775248646736145], "number": 1 },
          { "normal": [0.6995019316673279,0.22728155553340912,0.677524983882904], "number": 8 },
          { "normal": [0.6995019316673279,-0.2272818237543106,-0.6775248646736145], "number": 5 },
          { "normal": [6.333303304018045e-8,0.7354995012283325,0.6775252819061279], "number": 10 },
          { "normal": [0.4323159158229828,0.5950318574905396,-0.6775249242782593], "number": 3 },
          { "normal": [7.730355378043896e-8,-0.7354997992515564,-0.6775249242782593], "number": 9 },
          { "normal": [-0.43231603503227234,-0.5950319766998291,0.677524745464325], "number": 6 }
        ]
      },
      {
        "id": "d12",
		"displayName": "d12)",
        "baseType": "d12",
		"icon": "black/icons/3d_icon_d12.png",
		"position": 12,
        "model": "Models/d12_low.glb",
        "collision": { "type": "compound", "compound": { "shapes": [ { "size": [ 35.68220901489258, 41.94695281982422, 3.568220853805542 ], "offset": [ 4.211712837219238, 61.514408111572266, -44.83269119262695 ], "orientation": [ -0.26990216970443726, 0.8306734561920166, 0.46313077211380005, 0.15048030018806458 ] }, { "size": [ 35.68220901489258, 41.94695281982422, 3.568220853805542 ], "offset": [ -61.514408111572266, 44.83269119262695, 4.2117133140563965 ], "orientation": [ 0.7066130638122559, 0.02641988731920719, -0.5871911644935608, -0.3939625918865204 ] }, { "size": [ 35.68220901489258, 41.94695281982422, 3.568220853805542 ], "offset": [ -44.83269119262695, -4.211712837219238, -61.514408111572266 ], "orientation": [ 0.4367108643054962, 0.857093334197998, -0.12406041473150253, -0.24348227679729462 ] }, { "size": [ 35.68220901489258, 41.94695281982422, 3.568220853805542 ], "offset": [ 6.814694881439209, 65.72611999511719, 38.01799774169922 ], "orientation": [ -0.28623056411743164, 0.393962562084198, 0.7066130638122559, 0.5133844614028931 ] }, { "size": [ 35.68220901489258, 41.94695281982422, 3.568220853805542 ], "offset": [ -65.72611999511719, -38.01799774169922, 6.814694404602051 ], "orientation": [ -0.4367108643054962, -0.5561327338218689, 0.6638647317886353, 0.24348226189613342 ] }, { "size": [ 35.68220901489258, 41.94695281982422, 3.568220853805542 ], "offset": [ 38.01799774169922, -6.814694404602051, -65.72611999511719 ], "orientation": [ 0.15048030018806458, 0.9500952959060669, 0.04274831339716911, 0.26990219950675964 ] }, { "size": [ 35.68220901489258, 41.94695281982422, 3.568220853805542 ], "offset": [ 65.72612762451172, 38.01799774169922, -6.814694404602051 ], "orientation": [ 0.24348226189613342, 0.6638647317886353, 0.5561327338218689, 0.4367108643054962 ] }, { "size": [ 35.68220901489258, 41.94695281982422, 3.568220853805542 ], "offset": [ -4.211712837219238, -61.514408111572266, -44.83269119262695 ], "orientation": [ 0.8306734561920166, 0.26990216970443726, -0.15048030018806458, 0.46313077211380005 ] }, { "size": [ 35.68220901489258, 41.94695281982422, 3.568220853805542 ], "offset": [ -44.83269119262695, 4.211712837219238, 61.514408111572266 ], "orientation": [ -0.24348227679729462, 0.12406041473150253, 0.857093334197998, -0.4367108643054962 ] }, { "size": [ 35.68220901489258, 41.94695281982422, 3.568220853805542 ], "offset": [ 33.8062858581543, -3.106951851350459e-8, 68.32910919189453 ], "orientation": [ -0.19322863221168518, 0.193228617310524, -0.6801931262016296, 0.6801931262016296 ] }, { "size": [ 35.68220901489258, 41.94695281982422, 3.568220853805542 ], "offset": [ 68.32910919189453, -33.8062858581543, 1.1102230246251565e-16 ], "orientation": [ 0.6801931262016296, -0.19322863221168518, 0.6801931262016296, 0.19322863221168518 ] }, { "size": [ 35.68220901489258, 41.94695281982422, 3.568220853805542 ], "offset": [ 5.570629824092066e-8, -68.32910919189453, 33.8062858581543 ], "orientation": [ 0.48696449398994446, -6.8178374057481506e-9, -3.801193582120277e-9, 0.8734217882156372 ] } ] } },
        "map": [ "black/d12_512.png", "black/d12_512.png", "black/d12_512.png" ],
        "normalMap": [ "black/d12_512_normal.png", "black/d12_512_normal.png", "black/d12_512_normal.png" ],
        "color": 4294967295,
        "metalness": 0,
        "normalScale": [ 1, 1 ],
        "roughness": 0.9,
        "reflectivity": 0.2,
        "shininess": 0.2,
        "specular": 4294967295,
        "faces": [
          { "normal": [-0.0,0.8506507873535156,-0.5257311463356018], "number": 11 },
          { "normal": [-0.8506507873535156,0.5257311463356018,-0.0], "number": 10 },
          { "normal": [-0.5257311463356018,-0.0,-0.8506507873535156], "number": 5 },
          { "normal": [-1.5611787418379208e-8,0.8506507873535156,0.5257311463356018], "number": 7 },
          { "normal": [-0.8506507873535156,-0.5257311463356018,-1.5611787418379208e-8], "number": 1 },
          { "normal": [0.5257311463356018,1.5611787418379208e-8,-0.8506507873535156], "number": 4 },
          { "normal": [0.8506507873535156,0.5257311463356018,0.0], "number": 12 },
          { "normal": [-0.0,-0.8506507873535156,-0.5257311463356018], "number": 6 },
          { "normal": [-0.5257311463356018,-0.0,0.8506507873535156], "number": 9 },
          { "normal": [0.5257311463356018,1.5611787418379208e-8,0.8506507873535156], "number": 8 },
          { "normal": [0.8506507873535156,-0.5257311463356018,-1.5611787418379208e-8], "number": 3 },
          { "normal": [-1.5611787418379208e-8,-0.8506507873535156,0.5257311463356018], "number": 2 }
        ]
      },
      {
       "id": "d20",
	   "displayName": "d20)",
       "baseType": "d20",
	   "icon": "black/icons/3d_icon_d20.png",
	   "position": 13,
        "model": "Models/d20_low.glb",
        "collision": { "type": "convex", "convex": { "model": "Models/d20_collision.glb" } },
        "map": [ "black/d20_512.png", "black/d20_512.png", "black/d20_512.png" ],
        "normalMap": [ "black/d20_512_normal.png", "black/d20_512_normal.png", "black/d20_512_normal.png" ],
        "color": 4294967295,
        "metalness": 0,
        "normalScale": [ 1, 1 ],
        "roughness": 0.9,
        "reflectivity": 0.2,
        "shininess": 0.2,
        "specular": 4294967295,
        "faces": [
          { "normal": [-0.18759654462337494,-0.5773535966873169,0.7946510910987854], "number": 4 },
          { "normal": [-0.6070646643638611,-0.0,0.7946524620056152], "number": 14 },
          { "normal": [0.4911220967769623,-0.3568290174007416,0.7946522235870361], "number": 18 },
          { "normal": [0.4911220967769623,0.3568290174007416,0.7946522235870361], "number": 2 },
          { "normal": [-0.18759654462337494,0.5773535966873169,0.7946510910987854], "number": 20 },
          { "normal": [-0.9822461009025574,-0.0,0.18759675323963165], "number": 6 },
          { "normal": [-0.3035355508327484,-0.9341715574264526,0.1875891238451004], "number": 11 },
          { "normal": [0.7946491837501526,-0.5773593187332153,0.18758699297904968], "number": 5 },
          { "normal": [0.7946491837501526,0.5773593187332153,0.1875869631767273], "number": 12 },
          { "normal": [-0.3035355508327484,0.9341715574264526,0.18758916854858398], "number": 8 },
          { "normal": [-0.7946491837501526,-0.5773593187332153,-0.1875869780778885], "number": 9 },
          { "normal": [0.3035355806350708,-0.9341715574264526,-0.1875891536474228], "number": 13 },
          { "normal": [0.9822461009025574,-0.0,-0.18759675323963165], "number": 15 },
          { "normal": [0.3035355806350708,0.9341715574264526,-0.1875891536474228], "number": 10 },
          { "normal": [-0.7946491837501526,0.5773593187332153,-0.1875869780778885], "number": 16 },
          { "normal": [-0.4911220669746399,-0.35682904720306396,-0.7946522235870361], "number": 19 },
          { "normal": [0.18759652972221375,-0.5773535966873169,-0.7946510910987854], "number": 1 },
          { "normal": [0.6070646643638611,-0.0,-0.7946524620056152], "number": 7 },
          { "normal": [0.18759652972221375,0.5773536562919617,-0.7946510910987854], "number": 17 },
          { "normal": [-0.4911220967769623,0.35682907700538635,-0.7946521639823914], "number": 3 }
        ]
      },
      {
        "id": "d100",
		"displayName": "d100)",
        "baseType": "d100",
		"icon": "black/icons/3d_icon_d100.png",
		"position": 14,
        "model": "Models/d10_low.glb",
        "collision": { "type": "convex", "convex": { "model": "Models/d10_collision.glb", "orientation": [ 0, 0, 36 ] } },
        "map": [ "black/d10_00_512.png", "black/d10_00_512.png", "black/d10_00_512.png" ],
        "normalMap": [ "black/d10_00_512_normal.png", "black/d10_00_512_normal.png", "black/d10_00_512_normal.png" ],
        "color": 4294967295,
        "metalness": 0,
        "normalScale": [ 1, 1 ],
        "roughness": 0.9,
        "reflectivity": 0.2,
        "shininess": 0.2,
        "specular": 4294967295,
        "faces": [
          { "normal": [0.4323159158229828,-0.5950319766998291,0.6775248646736145], "number": 20 },
          { "normal": [-0.6995019912719727,0.22728168964385986,0.6775249242782593], "number": 40 },
          { "normal": [-0.4323159158229828,0.5950317978858948,-0.677524983882904], "number": 70 },
          { "normal": [-0.6995019912719727,-0.22728191316127777,-0.6775248646736145], "number": 10 },
          { "normal": [0.6995019316673279,0.22728155553340912,0.677524983882904], "number": 80 },
          { "normal": [0.6995019316673279,-0.2272818237543106,-0.6775248646736145], "number": 50 },
          { "normal": [6.333303304018045e-8,0.7354995012283325,0.6775252819061279], "number": 0 },
          { "normal": [0.4323159158229828,0.5950318574905396,-0.6775249242782593], "number": 30 },
          { "normal": [7.730355378043896e-8,-0.7354997992515564,-0.6775249242782593], "number": 90 },
          { "normal": [-0.43231603503227234,-0.5950319766998291,0.677524745464325], "number": 60 }
        ]
      }
  ]   
}